STATION,NAME,DATE,AWND,PRCP,TMAX,TMIN
USW00022521,"HONOLULU INTERNATIONAL AIRPORT, HI US",2024-01-01,4.7,0,26.7,18.3
USW00022521,"HONOLULU INTERNATIONAL AIRPORT, HI US",2024-01-02,4.6,0,27.8,22.2
USW00022521,"HONOLULU INTERNATIONAL AIRPORT, HI US",2024-01-03,3.5,0,28.9,19.4
USW00022521,"HONOLULU INTERNATIONAL AIRPORT, HI US",2024-01-04,2.4,0,26.7,19.4
USW00022521,"HONOLULU INTERNATIONAL AIRPORT, HI US",2024-01-05,2.1,0,27.2,19.4
USW00022521,"HONOLULU INTERNATIONAL AIRPORT, HI US",2024-01-06,2.1,0,27.8,18.9
USW00022521,"HONOLULU INTERNATIONAL AIRPORT, HI US",2024-01-07,3.1,0,26.7,19.4
USW00022521,"HONOLULU INTERNATIONAL AIRPORT, HI US",2024-01-08,6.9,60.5,24.4,20
USW00022521,"HONOLULU INTERNATIONAL AIRPORT, HI US",2024-01-09,4.9,0,26.7,20.6
USW00022521,"HONOLULU INTERNATIONAL AIRPORT, HI US",2024-01-10,3,0,25.6,16.7
USW00022521,"HONOLULU INTERNATIONAL AIRPORT, HI US",2024-01-11,4.1,1,26.7,16.7
USW00022521,"HONOLULU INTERNATIONAL AIRPORT, HI US",2024-01-12,4.7,0,24.4,15.6
USW00022521,"HONOLULU INTERNATIONAL AIRPORT, HI US",2024-01-13,3.2,0,25,14.4
USW00022521,"HONOLULU INTERNATIONAL AIRPORT, HI US",2024-01-14,2.9,0,25,15
USW00022521,"HONOLULU INTERNATIONAL AIRPORT, HI US",2024-01-15,2.9,0,25,15
USW00022521,"HONOLULU INTERNATIONAL AIRPORT, HI US",2024-01-16,6.4,0.3,26.7,21.7
USW00022521,"HONOLULU INTERNATIONAL AIRPORT, HI US",2024-01-17,3.3,0,27.2,19.4
USW00022521,"HONOLULU INTERNATIONAL AIRPORT, HI US",2024-01-18,1.2,0,26.1,17.2
USW00022521,"HONOLULU INTERNATIONAL AIRPORT, HI US",2024-01-19,2.3,0,26.7,18.3
USW00022521,"HONOLULU INTERNATIONAL AIRPORT, HI US",2024-01-20,1.9,0,26.7,20
USW00022521,"HONOLULU INTERNATIONAL AIRPORT, HI US",2024-01-21,2.2,0,25.6,20.6
USW00022521,"HONOLULU INTERNATIONAL AIRPORT, HI US",2024-01-22,4.3,0.3,26.7,20.6
USW00022521,"HONOLULU INTERNATIONAL AIRPORT, HI US",2024-01-23,4.5,0,27.2,23.3
USW00022521,"HONOLULU INTERNATIONAL AIRPORT, HI US",2024-01-24,5.7,0.5,27.2,21.1
USW00022521,"HONOLULU INTERNATIONAL AIRPORT, HI US",2024-01-25,2.4,0.3,26.7,19.4
USW00022521,"HONOLULU INTERNATIONAL AIRPORT, HI US",2024-01-26,2.4,0.3,26.7,18.3
USW00022521,"HONOLULU INTERNATIONAL AIRPORT, HI US",2024-01-27,5.5,0,27.8,23.3
USW00022521,"HONOLULU INTERNATIONAL AIRPORT, HI US",2024-01-28,6.9,0.3,26.7,22.8
USW00022521,"HONOLULU INTERNATIONAL AIRPORT, HI US",2024-01-29,6.1,3.8,27.2,22.2
USW00022521,"HONOLULU INTERNATIONAL AIRPORT, HI US",2024-01-30,2.6,0,26.1,19.4
USW00022521,"HONOLULU INTERNATIONAL AIRPORT, HI US",2024-01-31,1.7,0,27.2,17.8
USW00022521,"HONOLULU INTERNATIONAL AIRPORT, HI US",2024-02-01,2.5,0,26.1,19.4
USW00022521,"HONOLULU INTERNATIONAL AIRPORT, HI US",2024-02-02,5.2,0,25.6,19.4
USW00022521,"HONOLULU INTERNATIONAL AIRPORT, HI US",2024-02-03,7.1,0,25,20
USW00022521,"HONOLULU INTERNATIONAL AIRPORT, HI US",2024-02-04,7.8,0,27.8,20
USW00022521,"HONOLULU INTERNATIONAL AIRPORT, HI US",2024-02-05,6.6,0.3,26.7,19.4
USW00022521,"HONOLULU INTERNATIONAL AIRPORT, HI US",2024-02-06,6.3,0,27.8,21.1
USW00022521,"HONOLULU INTERNATIONAL AIRPORT, HI US",2024-02-07,6.4,0,27.8,20.6
USW00022521,"HONOLULU INTERNATIONAL AIRPORT, HI US",2024-02-08,4.1,0.3,28.3,20.6
USW00022521,"HONOLULU INTERNATIONAL AIRPORT, HI US",2024-02-09,2.7,0.3,26.7,20
USW00022521,"HONOLULU INTERNATIONAL AIRPORT, HI US",2024-02-10,2.7,0.3,26.1,19.4
USW00022521,"HONOLULU INTERNATIONAL AIRPORT, HI US",2024-02-11,2.6,0,26.7,18.3
USW00022521,"HONOLULU INTERNATIONAL AIRPORT, HI US",2024-02-12,3.5,0,28.3,17.2
USW00022521,"HONOLULU INTERNATIONAL AIRPORT, HI US",2024-02-13,2.3,0,26.1,18.9
USW00022521,"HONOLULU INTERNATIONAL AIRPORT, HI US",2024-02-14,3.9,1.5,26.7,20
USW00022521,"HONOLULU INTERNATIONAL AIRPORT, HI US",2024-02-15,5,0.5,25,20.6
USW00022521,"HONOLULU INTERNATIONAL AIRPORT, HI US",2024-02-16,4.9,0,25,19.4
USW00022521,"HONOLULU INTERNATIONAL AIRPORT, HI US",2024-02-17,5.1,0,25.6,18.3
USW00022521,"HONOLULU INTERNATIONAL AIRPORT, HI US",2024-02-18,7.4,0,25,20
USW00022521,"HONOLULU INTERNATIONAL AIRPORT, HI US",2024-02-19,6.2,0,26.1,19.4
USW00022521,"HONOLULU INTERNATIONAL AIRPORT, HI US",2024-02-20,3.4,0,26.7,18.9
USW00022521,"HONOLULU INTERNATIONAL AIRPORT, HI US",2024-02-21,3.8,0,26.1,20
USW00022521,"HONOLULU INTERNATIONAL AIRPORT, HI US",2024-02-22,3.8,0.8,27.8,19.4
USW00022521,"HONOLULU INTERNATIONAL AIRPORT, HI US",2024-02-23,4.3,0,28.3,19.4
USW00022521,"HONOLULU INTERNATIONAL AIRPORT, HI US",2024-02-24,4.3,0,26.1,19.4
USW00022521,"HONOLULU INTERNATIONAL AIRPORT, HI US",2024-02-25,7.1,0,26.7,20.6
USW00022521,"HONOLULU INTERNATIONAL AIRPORT, HI US",2024-02-26,7.2,0,27.2,20.6
USW00022521,"HONOLULU INTERNATIONAL AIRPORT, HI US",2024-02-27,7.2,0,27.2,21.1
USW00022521,"HONOLULU INTERNATIONAL AIRPORT, HI US",2024-02-28,5.9,2.3,26.1,20
USW00022521,"HONOLULU INTERNATIONAL AIRPORT, HI US",2024-02-29,6.1,1.5,26.7,19.4
USW00022521,"HONOLULU INTERNATIONAL AIRPORT, HI US",2024-03-01,6.1,0,27.8,20.6
USW00022521,"HONOLULU INTERNATIONAL AIRPORT, HI US",2024-03-02,5.4,0,27.8,21.7
USW00022521,"HONOLULU INTERNATIONAL AIRPORT, HI US",2024-03-03,4,0,27.8,20.6
USW00022521,"HONOLULU INTERNATIONAL AIRPORT, HI US",2024-03-04,5.5,0.8,27.8,21.7
USW00022521,"HONOLULU INTERNATIONAL AIRPORT, HI US",2024-03-05,6.5,0,26.7,21.1
USW00022521,"HONOLULU INTERNATIONAL AIRPORT, HI US",2024-03-06,6.7,3,26.1,20
USW00022521,"HONOLULU INTERNATIONAL AIRPORT, HI US",2024-03-07,5.9,1.3,26.7,20
USW00022521,"HONOLULU INTERNATIONAL AIRPORT, HI US",2024-03-08,7,0,26.1,21.1
USW00022521,"HONOLULU INTERNATIONAL AIRPORT, HI US",2024-03-09,6.7,0,27.2,21.7
USW00022521,"HONOLULU INTERNATIONAL AIRPORT, HI US",2024-03-10,7,0,26.1,21.7
USW00022521,"HONOLULU INTERNATIONAL AIRPORT, HI US",2024-03-11,6.4,0,27.2,22.2
USW00022521,"HONOLULU INTERNATIONAL AIRPORT, HI US",2024-03-12,3.2,0,27.2,21.7
USW00022521,"HONOLULU INTERNATIONAL AIRPORT, HI US",2024-03-13,2.2,0.3,27.8,21.1
USW00022521,"HONOLULU INTERNATIONAL AIRPORT, HI US",2024-03-14,4.6,0,26.1,20.6
USW00022521,"HONOLULU INTERNATIONAL AIRPORT, HI US",2024-03-15,3.4,0,26.1,19.4
USW00022521,"HONOLULU INTERNATIONAL AIRPORT, HI US",2024-03-16,3.9,0,26.1,17.2
USW00022521,"HONOLULU INTERNATIONAL AIRPORT, HI US",2024-03-17,4.5,0,27.2,20
USW00022521,"HONOLULU INTERNATIONAL AIRPORT, HI US",2024-03-18,3,0,26.7,17.8
USW00022521,"HONOLULU INTERNATIONAL AIRPORT, HI US",2024-03-19,4.4,0,26.7,18.3
USW00022521,"HONOLULU INTERNATIONAL AIRPORT, HI US",2024-03-20,5.5,0,26.7,20.6
USW00022521,"HONOLULU INTERNATIONAL AIRPORT, HI US",2024-03-21,4.9,0,27.2,19.4
USW00022521,"HONOLULU INTERNATIONAL AIRPORT, HI US",2024-03-22,6.4,0,28.3,20
USW00022521,"HONOLULU INTERNATIONAL AIRPORT, HI US",2024-03-23,5.8,0.5,27.8,20
USW00022521,"HONOLULU INTERNATIONAL AIRPORT, HI US",2024-03-24,5.9,0,28.3,21.7
USW00022521,"HONOLULU INTERNATIONAL AIRPORT, HI US",2024-03-25,4.4,0,28.3,22.2
USW00022521,"HONOLULU INTERNATIONAL AIRPORT, HI US",2024-03-26,6.1,0,29.4,22.8
USW00022521,"HONOLULU INTERNATIONAL AIRPORT, HI US",2024-03-27,6.7,0,28.3,22.2
USW00022521,"HONOLULU INTERNATIONAL AIRPORT, HI US",2024-03-28,7.8,0,27.8,21.7
USW00022521,"HONOLULU INTERNATIONAL AIRPORT, HI US",2024-03-29,7.2,0,28.3,22.8
USW00022521,"HONOLULU INTERNATIONAL AIRPORT, HI US",2024-03-30,5.5,0,27.8,21.7
USW00022521,"HONOLULU INTERNATIONAL AIRPORT, HI US",2024-03-31,4.7,0,28.9,20.6
USW00022521,"HONOLULU INTERNATIONAL AIRPORT, HI US",2024-04-01,6.2,0.5,28.3,21.7
USW00022521,"HONOLULU INTERNATIONAL AIRPORT, HI US",2024-04-02,8,0,28.9,22.2
USW00022521,"HONOLULU INTERNATIONAL AIRPORT, HI US",2024-04-03,7.7,0,28.9,22.2
USW00022521,"HONOLULU INTERNATIONAL AIRPORT, HI US",2024-04-04,8.2,0,28.3,21.7
USW00022521,"HONOLULU INTERNATIONAL AIRPORT, HI US",2024-04-05,7.5,0.3,26.7,20.6
USW00022521,"HONOLULU INTERNATIONAL AIRPORT, HI US",2024-04-06,7.7,1.3,26.7,20
USW00022521,"HONOLULU INTERNATIONAL AIRPORT, HI US",2024-04-07,7.3,1.8,27.2,20
USW00022521,"HONOLULU INTERNATIONAL AIRPORT, HI US",2024-04-08,6.5,0,28.3,21.7
USW00022521,"HONOLULU INTERNATIONAL AIRPORT, HI US",2024-04-09,5.6,0,28.3,20.6
USW00022521,"HONOLULU INTERNATIONAL AIRPORT, HI US",2024-04-10,3.5,0,27.8,20.6
USW00022521,"HONOLULU INTERNATIONAL AIRPORT, HI US",2024-04-11,3.7,0,26.7,22.2
USW00022521,"HONOLULU INTERNATIONAL AIRPORT, HI US",2024-04-12,3.7,9.7,26.1,21.1
USW00022521,"HONOLULU INTERNATIONAL AIRPORT, HI US",2024-04-13,3.5,0,27.8,22.8
USW00022521,"HONOLULU INTERNATIONAL AIRPORT, HI US",2024-04-14,3.4,21.8,26.7,20.6
USW00022521,"HONOLULU INTERNATIONAL AIRPORT, HI US",2024-04-15,4.5,0.3,27.8,20.6
USW00022521,"HONOLULU INTERNATIONAL AIRPORT, HI US",2024-04-16,3.1,0,26.7,18.9
USW00022521,"HONOLULU INTERNATIONAL AIRPORT, HI US",2024-04-17,3,0,27.2,19.4
USW00022521,"HONOLULU INTERNATIONAL AIRPORT, HI US",2024-04-18,3.9,0,28.3,20
USW00022521,"HONOLULU INTERNATIONAL AIRPORT, HI US",2024-04-19,5.2,0.3,27.8,21.7
USW00022521,"HONOLULU INTERNATIONAL AIRPORT, HI US",2024-04-20,5.1,0,28.3,21.7
USW00022521,"HONOLULU INTERNATIONAL AIRPORT, HI US",2024-04-21,5.1,0,28.3,19.4
USW00022521,"HONOLULU INTERNATIONAL AIRPORT, HI US",2024-04-22,6.4,0,28.9,21.7
USW00022521,"HONOLULU INTERNATIONAL AIRPORT, HI US",2024-04-23,6.4,0,28.9,21.1
USW00022521,"HONOLULU INTERNATIONAL AIRPORT, HI US",2024-04-24,6.4,0,27.8,21.7
USW00022521,"HONOLULU INTERNATIONAL AIRPORT, HI US",2024-04-25,7.7,0,28.3,22.2
USW00022521,"HONOLULU INTERNATIONAL AIRPORT, HI US",2024-04-26,5.3,0,28.3,21.7
USW00022521,"HONOLULU INTERNATIONAL AIRPORT, HI US",2024-04-27,3.8,0,28.3,21.7
USW00022521,"HONOLULU INTERNATIONAL AIRPORT, HI US",2024-04-28,3.4,0,27.8,21.7
USW00022521,"HONOLULU INTERNATIONAL AIRPORT, HI US",2024-04-29,4.2,0,29.4,22.2
USW00022521,"HONOLULU INTERNATIONAL AIRPORT, HI US",2024-04-30,3.4,0,28.9,20.6
USW00022521,"HONOLULU INTERNATIONAL AIRPORT, HI US",2024-05-01,5.1,0,30,22.8
USW00022521,"HONOLULU INTERNATIONAL AIRPORT, HI US",2024-05-02,5.5,0,28.3,22.2
USW00022521,"HONOLULU INTERNATIONAL AIRPORT, HI US",2024-05-03,8.1,0,29.4,22.2
USW00022521,"HONOLULU INTERNATIONAL AIRPORT, HI US",2024-05-04,7.2,0.3,27.8,22.2
USW00022521,"HONOLULU INTERNATIONAL AIRPORT, HI US",2024-05-05,6.9,0.5,28.9,21.1
USW00022521,"HONOLULU INTERNATIONAL AIRPORT, HI US",2024-05-06,6.5,0,28.3,22.2
USW00022521,"HONOLULU INTERNATIONAL AIRPORT, HI US",2024-05-07,4.9,0,28.9,21.7
USW00022521,"HONOLULU INTERNATIONAL AIRPORT, HI US",2024-05-08,2.8,0,28.9,21.7
USW00022521,"HONOLULU INTERNATIONAL AIRPORT, HI US",2024-05-09,2.4,1,26.1,20.6
USW00022521,"HONOLULU INTERNATIONAL AIRPORT, HI US",2024-05-10,3,0.8,27.8,20.6
USW00022521,"HONOLULU INTERNATIONAL AIRPORT, HI US",2024-05-11,2.6,4.6,28.3,20
USW00022521,"HONOLULU INTERNATIONAL AIRPORT, HI US",2024-05-12,3.3,5.1,28.3,20
USW00022521,"HONOLULU INTERNATIONAL AIRPORT, HI US",2024-05-13,2.6,0,28.9,21.7
USW00022521,"HONOLULU INTERNATIONAL AIRPORT, HI US",2024-05-14,2.4,10.7,27.2,21.7
USW00022521,"HONOLULU INTERNATIONAL AIRPORT, HI US",2024-05-15,5.5,21.3,27.8,22.2
USW00022521,"HONOLULU INTERNATIONAL AIRPORT, HI US",2024-05-16,4.3,45.7,25,21.7
USW00022521,"HONOLULU INTERNATIONAL AIRPORT, HI US",2024-05-17,3.4,31.8,27.8,21.7
USW00022521,"HONOLULU INTERNATIONAL AIRPORT, HI US",2024-05-18,3,2.8,27.8,23.3
USW00022521,"HONOLULU INTERNATIONAL AIRPORT, HI US",2024-05-19,2.4,0,27.8,22.2
USW00022521,"HONOLULU INTERNATIONAL AIRPORT, HI US",2024-05-20,3.3,0,30,21.1
USW00022521,"HONOLULU INTERNATIONAL AIRPORT, HI US",2024-05-21,3.7,0,29.4,22.8
USW00022521,"HONOLULU INTERNATIONAL AIRPORT, HI US",2024-05-22,4.3,0,30,21.7
USW00022521,"HONOLULU INTERNATIONAL AIRPORT, HI US",2024-05-23,6,0,29.4,23.3
USW00022521,"HONOLULU INTERNATIONAL AIRPORT, HI US",2024-05-24,5.9,0,29.4,23.3
USW00022521,"HONOLULU INTERNATIONAL AIRPORT, HI US",2024-05-25,5.5,0,29.4,22.8
USW00022521,"HONOLULU INTERNATIONAL AIRPORT, HI US",2024-05-26,4.7,0,29.4,22.8
USW00022521,"HONOLULU INTERNATIONAL AIRPORT, HI US",2024-05-27,5.6,0,29.4,22.8
USW00022521,"HONOLULU INTERNATIONAL AIRPORT, HI US",2024-05-28,5.4,0,29.4,23.3
USW00022521,"HONOLULU INTERNATIONAL AIRPORT, HI US",2024-05-29,4.9,0,29.4,22.8
USW00022521,"HONOLULU INTERNATIONAL AIRPORT, HI US",2024-05-30,5.5,0,28.9,22.8
USW00022521,"HONOLULU INTERNATIONAL AIRPORT, HI US",2024-05-31,5.7,0,28.9,22.8
USW00022521,"HONOLULU INTERNATIONAL AIRPORT, HI US",2024-06-01,8,0,29.4,23.3
USW00022521,"HONOLULU INTERNATIONAL AIRPORT, HI US",2024-06-02,6.7,0,29.4,23.3
USW00022521,"HONOLULU INTERNATIONAL AIRPORT, HI US",2024-06-03,6.5,0,30,23.3
USW00022521,"HONOLULU INTERNATIONAL AIRPORT, HI US",2024-06-04,7.5,0,30,24.4
USW00022521,"HONOLULU INTERNATIONAL AIRPORT, HI US",2024-06-05,4.3,0,30.6,23.9
USW00022521,"HONOLULU INTERNATIONAL AIRPORT, HI US",2024-06-06,2.7,0,30,22.2
USW00022521,"HONOLULU INTERNATIONAL AIRPORT, HI US",2024-06-07,3.2,0,32.2,22.2
USW00022521,"HONOLULU INTERNATIONAL AIRPORT, HI US",2024-06-08,3.7,0,31.7,22.8
USW00022521,"HONOLULU INTERNATIONAL AIRPORT, HI US",2024-06-09,5.8,0,30,23.9
USW00022521,"HONOLULU INTERNATIONAL AIRPORT, HI US",2024-06-10,6.9,0,30.6,24.4
USW00022521,"HONOLULU INTERNATIONAL AIRPORT, HI US",2024-06-11,6,0,30,23.9
USW00022521,"HONOLULU INTERNATIONAL AIRPORT, HI US",2024-06-12,5.1,0,30,23.9
USW00022521,"HONOLULU INTERNATIONAL AIRPORT, HI US",2024-06-13,6.3,0,30,23.3
USW00022521,"HONOLULU INTERNATIONAL AIRPORT, HI US",2024-06-14,6.4,0,30.6,23.9
USW00022521,"HONOLULU INTERNATIONAL AIRPORT, HI US",2024-06-15,6.8,0,30.6,24.4
USW00022521,"HONOLULU INTERNATIONAL AIRPORT, HI US",2024-06-16,6.2,0,30,23.3
USW00022521,"HONOLULU INTERNATIONAL AIRPORT, HI US",2024-06-17,5.9,0,30,23.3
USW00022521,"HONOLULU INTERNATIONAL AIRPORT, HI US",2024-06-18,6.7,0.3,30,22.8
USW00022521,"HONOLULU INTERNATIONAL AIRPORT, HI US",2024-06-19,7.7,0,30.6,24.4
USW00022521,"HONOLULU INTERNATIONAL AIRPORT, HI US",2024-06-20,7.5,0,30,22.8
USW00022521,"HONOLULU INTERNATIONAL AIRPORT, HI US",2024-06-21,7.7,0,30,24.4
USW00022521,"HONOLULU INTERNATIONAL AIRPORT, HI US",2024-06-22,6.4,0,30,23.9
USW00022521,"HONOLULU INTERNATIONAL AIRPORT, HI US",2024-06-23,7.6,0,30.6,23.9
USW00022521,"HONOLULU INTERNATIONAL AIRPORT, HI US",2024-06-24,6.6,0,30,23.9
USW00022521,"HONOLULU INTERNATIONAL AIRPORT, HI US",2024-06-25,5.2,0,30,23.3
USW00022521,"HONOLULU INTERNATIONAL AIRPORT, HI US",2024-06-26,4.9,0,30.6,22.8
USW00022521,"HONOLULU INTERNATIONAL AIRPORT, HI US",2024-06-27,4.7,0,30.6,23.3
USW00022521,"HONOLULU INTERNATIONAL AIRPORT, HI US",2024-06-28,4.3,0,30,22.8
USW00022521,"HONOLULU INTERNATIONAL AIRPORT, HI US",2024-06-29,4.4,1.3,30.6,22.2
USW00022521,"HONOLULU INTERNATIONAL AIRPORT, HI US",2024-06-30,5.4,0,31.1,22.8
USW00022521,"HONOLULU INTERNATIONAL AIRPORT, HI US",2024-07-01,4.8,0,30.6,22.2
USW00022521,"HONOLULU INTERNATIONAL AIRPORT, HI US",2024-07-02,4.7,0,28.9,23.9
USW00022521,"HONOLULU INTERNATIONAL AIRPORT, HI US",2024-07-03,5.1,0,31.1,22.8
USW00022521,"HONOLULU INTERNATIONAL AIRPORT, HI US",2024-07-04,5.9,0,30.6,23.3
USW00022521,"HONOLULU INTERNATIONAL AIRPORT, HI US",2024-07-05,4.8,0.3,31.1,22.8
USW00022521,"HONOLULU INTERNATIONAL AIRPORT, HI US",2024-07-06,4.8,0,31.1,23.3
USW00022521,"HONOLULU INTERNATIONAL AIRPORT, HI US",2024-07-07,5.1,0,30.6,22.8
USW00022521,"HONOLULU INTERNATIONAL AIRPORT, HI US",2024-07-08,4.5,0,30.6,23.9
USW00022521,"HONOLULU INTERNATIONAL AIRPORT, HI US",2024-07-09,6.4,0,31.1,24.4
USW00022521,"HONOLULU INTERNATIONAL AIRPORT, HI US",2024-07-10,5.7,0,30.6,23.9
USW00022521,"HONOLULU INTERNATIONAL AIRPORT, HI US",2024-07-11,6.5,0,30,25
USW00022521,"HONOLULU INTERNATIONAL AIRPORT, HI US",2024-07-12,6.5,0,31.7,25
USW00022521,"HONOLULU INTERNATIONAL AIRPORT, HI US",2024-07-13,6.3,0,31.1,24.4
USW00022521,"HONOLULU INTERNATIONAL AIRPORT, HI US",2024-07-14,6.4,0,31.1,25
USW00022521,"HONOLULU INTERNATIONAL AIRPORT, HI US",2024-07-15,6.3,0,30.6,23.9
USW00022521,"HONOLULU INTERNATIONAL AIRPORT, HI US",2024-07-16,6.5,0,30.6,25
USW00022521,"HONOLULU INTERNATIONAL AIRPORT, HI US",2024-07-17,5.8,0,30.6,23.9
USW00022521,"HONOLULU INTERNATIONAL AIRPORT, HI US",2024-07-18,4.5,0,31.1,23.9
USW00022521,"HONOLULU INTERNATIONAL AIRPORT, HI US",2024-07-19,4.1,0,31.1,22.2
USW00022521,"HONOLULU INTERNATIONAL AIRPORT, HI US",2024-07-20,4.8,0,31.7,22.8
USW00022521,"HONOLULU INTERNATIONAL AIRPORT, HI US",2024-07-21,5.2,0,31.1,25
USW00022521,"HONOLULU INTERNATIONAL AIRPORT, HI US",2024-07-22,5.9,0,31.7,25
USW00022521,"HONOLULU INTERNATIONAL AIRPORT, HI US",2024-07-23,6.1,0,31.1,25
USW00022521,"HONOLULU INTERNATIONAL AIRPORT, HI US",2024-07-24,7.2,0,31.7,24.4
USW00022521,"HONOLULU INTERNATIONAL AIRPORT, HI US",2024-07-25,6.7,0,30.6,25
USW00022521,"HONOLULU INTERNATIONAL AIRPORT, HI US",2024-07-26,6.8,0,29.4,23.9
USW00022521,"HONOLULU INTERNATIONAL AIRPORT, HI US",2024-07-27,5.7,0.3,30,23.3
USW00022521,"HONOLULU INTERNATIONAL AIRPORT, HI US",2024-07-28,6,0,30.6,22.8
USW00022521,"HONOLULU INTERNATIONAL AIRPORT, HI US",2024-07-29,5.5,0,31.1,23.9
USW00022521,"HONOLULU INTERNATIONAL AIRPORT, HI US",2024-07-30,5.1,0,30.6,23.3
USW00022521,"HONOLULU INTERNATIONAL AIRPORT, HI US",2024-07-31,4,0,30.6,22.8
USW00022521,"HONOLULU INTERNATIONAL AIRPORT, HI US",2024-08-01,5,0,31.1,23.3
USW00022521,"HONOLULU INTERNATIONAL AIRPORT, HI US",2024-08-02,3,0,30.6,22.8
USW00022521,"HONOLULU INTERNATIONAL AIRPORT, HI US",2024-08-03,4.6,0,32.2,22.8
USW00022521,"HONOLULU INTERNATIONAL AIRPORT, HI US",2024-08-04,5.4,0,31.1,23.3
USW00022521,"HONOLULU INTERNATIONAL AIRPORT, HI US",2024-08-05,5.7,0,31.7,23.9
USW00022521,"HONOLULU INTERNATIONAL AIRPORT, HI US",2024-08-06,6.6,0,31.7,23.9
USW00022521,"HONOLULU INTERNATIONAL AIRPORT, HI US",2024-08-07,6.1,0,31.7,24.4
USW00022521,"HONOLULU INTERNATIONAL AIRPORT, HI US",2024-08-08,5.1,0,31.1,25
USW00022521,"HONOLULU INTERNATIONAL AIRPORT, HI US",2024-08-09,5.1,0,31.7,24.4
USW00022521,"HONOLULU INTERNATIONAL AIRPORT, HI US",2024-08-10,5.7,0.3,31.7,24.4
USW00022521,"HONOLULU INTERNATIONAL AIRPORT, HI US",2024-08-11,6.1,0.3,31.7,24.4
USW00022521,"HONOLULU INTERNATIONAL AIRPORT, HI US",2024-08-12,5.8,0,31.7,24.4
USW00022521,"HONOLULU INTERNATIONAL AIRPORT, HI US",2024-08-13,5.6,0,31.7,25
USW00022521,"HONOLULU INTERNATIONAL AIRPORT, HI US",2024-08-14,4.9,0,31.7,23.9
USW00022521,"HONOLULU INTERNATIONAL AIRPORT, HI US",2024-08-15,4.4,0,32.2,23.3
USW00022521,"HONOLULU INTERNATIONAL AIRPORT, HI US",2024-08-16,6.5,0,32.2,25.6
USW00022521,"HONOLULU INTERNATIONAL AIRPORT, HI US",2024-08-17,6.6,0.3,32.2,25
USW00022521,"HONOLULU INTERNATIONAL AIRPORT, HI US",2024-08-18,5.5,0,32.2,24.4
USW00022521,"HONOLULU INTERNATIONAL AIRPORT, HI US",2024-08-19,5.1,0,31.7,24.4
USW00022521,"HONOLULU INTERNATIONAL AIRPORT, HI US",2024-08-20,5.8,0,32.2,25.6
USW00022521,"HONOLULU INTERNATIONAL AIRPORT, HI US",2024-08-21,7.2,0,31.7,25.6
USW00022521,"HONOLULU INTERNATIONAL AIRPORT, HI US",2024-08-22,7.1,0,31.7,24.4
USW00022521,"HONOLULU INTERNATIONAL AIRPORT, HI US",2024-08-23,7,0,31.7,25.6
USW00022521,"HONOLULU INTERNATIONAL AIRPORT, HI US",2024-08-24,6.5,0.3,31.1,25.6
USW00022521,"HONOLULU INTERNATIONAL AIRPORT, HI US",2024-08-25,8.8,0,28.9,24.4
USW00022521,"HONOLULU INTERNATIONAL AIRPORT, HI US",2024-08-26,7.5,0.5,27.8,24.4
USW00022521,"HONOLULU INTERNATIONAL AIRPORT, HI US",2024-08-27,5.1,0,31.7,23.9
USW00022521,"HONOLULU INTERNATIONAL AIRPORT, HI US",2024-08-28,4.5,0.5,31.1,23.3
USW00022521,"HONOLULU INTERNATIONAL AIRPORT, HI US",2024-08-29,4.5,1.3,31.7,24.4
USW00022521,"HONOLULU INTERNATIONAL AIRPORT, HI US",2024-08-30,3.2,0.3,31.7,25
USW00022521,"HONOLULU INTERNATIONAL AIRPORT, HI US",2024-08-31,3.8,0.3,31.1,25.6
USW00022521,"HONOLULU INTERNATIONAL AIRPORT, HI US",2024-09-01,5.6,0,32.8,25.6
USW00022521,"HONOLULU INTERNATIONAL AIRPORT, HI US",2024-09-02,6.4,0,32.2,26.1
USW00022521,"HONOLULU INTERNATIONAL AIRPORT, HI US",2024-09-03,6,0,32.2,25.6
USW00022521,"HONOLULU INTERNATIONAL AIRPORT, HI US",2024-09-04,4.8,0,32.2,24.4
USW00022521,"HONOLULU INTERNATIONAL AIRPORT, HI US",2024-09-05,4.4,0,31.7,23.3
USW00022521,"HONOLULU INTERNATIONAL AIRPORT, HI US",2024-09-06,4.2,0,32.2,23.3
USW00022521,"HONOLULU INTERNATIONAL AIRPORT, HI US",2024-09-07,5,0,31.1,24.4
USW00022521,"HONOLULU INTERNATIONAL AIRPORT, HI US",2024-09-08,3.2,0,31.7,23.3
USW00022521,"HONOLULU INTERNATIONAL AIRPORT, HI US",2024-09-09,2.8,0,29.4,22.8
USW00022521,"HONOLULU INTERNATIONAL AIRPORT, HI US",2024-09-10,2.6,0,29.4,22.2
USW00022521,"HONOLULU INTERNATIONAL AIRPORT, HI US",2024-09-11,2.9,0,31.1,22.2
USW00022521,"HONOLULU INTERNATIONAL AIRPORT, HI US",2024-09-12,4.7,0,32.8,24.4
USW00022521,"HONOLULU INTERNATIONAL AIRPORT, HI US",2024-09-13,6,0,32.2,25.6
USW00022521,"HONOLULU INTERNATIONAL AIRPORT, HI US",2024-09-14,6.7,0,32.2,25
USW00022521,"HONOLULU INTERNATIONAL AIRPORT, HI US",2024-09-15,5,0.3,31.7,23.3
USW00022521,"HONOLULU INTERNATIONAL AIRPORT, HI US",2024-09-16,6.3,0,32.2,26.1
USW00022521,"HONOLULU INTERNATIONAL AIRPORT, HI US",2024-09-17,5.4,0,32.2,25
USW00022521,"HONOLULU INTERNATIONAL AIRPORT, HI US",2024-09-18,6,0,32.2,25
USW00022521,"HONOLULU INTERNATIONAL AIRPORT, HI US",2024-09-19,6.1,0,31.7,25
USW00022521,"HONOLULU INTERNATIONAL AIRPORT, HI US",2024-09-20,4.8,0,31.1,23.9
USW00022521,"HONOLULU INTERNATIONAL AIRPORT, HI US",2024-09-21,5.4,0.3,31.7,24.4
USW00022521,"HONOLULU INTERNATIONAL AIRPORT, HI US",2024-09-22,4.5,0,31.7,24.4
USW00022521,"HONOLULU INTERNATIONAL AIRPORT, HI US",2024-09-23,5.6,0,31.7,23.3
USW00022521,"HONOLULU INTERNATIONAL AIRPORT, HI US",2024-09-24,6,0,32.2,25.6
USW00022521,"HONOLULU INTERNATIONAL AIRPORT, HI US",2024-09-25,5.8,0,31.7,25
USW00022521,"HONOLULU INTERNATIONAL AIRPORT, HI US",2024-09-26,4.7,0.3,32.2,24.4
USW00022521,"HONOLULU INTERNATIONAL AIRPORT, HI US",2024-09-27,4.4,0,31.1,24.4
USW00022521,"HONOLULU INTERNATIONAL AIRPORT, HI US",2024-09-28,5.4,0,31.7,23.9
USW00022521,"HONOLULU INTERNATIONAL AIRPORT, HI US",2024-09-29,4.6,0,31.1,23.3
USW00022521,"HONOLULU INTERNATIONAL AIRPORT, HI US",2024-09-30,4,0.8,28.9,24.4
USW00022521,"HONOLULU INTERNATIONAL AIRPORT, HI US",2024-10-01,4.8,0,32.8,23.9
USW00022521,"HONOLULU INTERNATIONAL AIRPORT, HI US",2024-10-02,4.4,1.8,31.7,22.8
USW00022521,"HONOLULU INTERNATIONAL AIRPORT, HI US",2024-10-03,4.4,0,31.7,22.8
USW00022521,"HONOLULU INTERNATIONAL AIRPORT, HI US",2024-10-04,3,0,31.1,22.8
USW00022521,"HONOLULU INTERNATIONAL AIRPORT, HI US",2024-10-05,3.9,0.5,31.7,22.8
USW00022521,"HONOLULU INTERNATIONAL AIRPORT, HI US",2024-10-06,5.6,0.5,31.1,23.3
USW00022521,"HONOLULU INTERNATIONAL AIRPORT, HI US",2024-10-07,5.8,0,31.1,24.4
USW00022521,"HONOLULU INTERNATIONAL AIRPORT, HI US",2024-10-08,4.6,0,31.1,23.9
USW00022521,"HONOLULU INTERNATIONAL AIRPORT, HI US",2024-10-09,5.4,0,31.1,24.4
USW00022521,"HONOLULU INTERNATIONAL AIRPORT, HI US",2024-10-10,4,0,32.2,25
USW00022521,"HONOLULU INTERNATIONAL AIRPORT, HI US",2024-10-11,3.7,0,32.8,23.9
USW00022521,"HONOLULU INTERNATIONAL AIRPORT, HI US",2024-10-12,3.5,0,31.7,22.8
USW00022521,"HONOLULU INTERNATIONAL AIRPORT, HI US",2024-10-13,4.2,0,31.1,23.3
USW00022521,"HONOLULU INTERNATIONAL AIRPORT, HI US",2024-10-14,3.6,2.3,31.7,23.3
USW00022521,"HONOLULU INTERNATIONAL AIRPORT, HI US",2024-10-15,6.4,0,31.1,23.3
USW00022521,"HONOLULU INTERNATIONAL AIRPORT, HI US",2024-10-16,7.2,0,31.7,25
USW00022521,"HONOLULU INTERNATIONAL AIRPORT, HI US",2024-10-17,4.2,0,31.7,23.9
USW00022521,"HONOLULU INTERNATIONAL AIRPORT, HI US",2024-10-18,4.6,0,32.8,24.4
USW00022521,"HONOLULU INTERNATIONAL AIRPORT, HI US",2024-10-19,4.5,0,31.7,23.9
USW00022521,"HONOLULU INTERNATIONAL AIRPORT, HI US",2024-10-20,5.9,0,31.1,24.4
USW00022521,"HONOLULU INTERNATIONAL AIRPORT, HI US",2024-10-21,3.3,0,31.7,23.9
USW00022521,"HONOLULU INTERNATIONAL AIRPORT, HI US",2024-10-22,3,0,30,22.2
USW00022521,"HONOLULU INTERNATIONAL AIRPORT, HI US",2024-10-23,3.3,0,30,23.3
USW00022521,"HONOLULU INTERNATIONAL AIRPORT, HI US",2024-10-24,3.5,0,31.7,23.3
USW00022521,"HONOLULU INTERNATIONAL AIRPORT, HI US",2024-10-25,3.4,0,32.2,22.8
USW00022521,"HONOLULU INTERNATIONAL AIRPORT, HI US",2024-10-26,4.3,1.5,28.9,23.9
USW00022521,"HONOLULU INTERNATIONAL AIRPORT, HI US",2024-10-27,4.8,4.1,28.9,23.3
USW00022521,"HONOLULU INTERNATIONAL AIRPORT, HI US",2024-10-28,5.5,2,30.6,22.8
USW00022521,"HONOLULU INTERNATIONAL AIRPORT, HI US",2024-10-29,5.8,0,29.4,24.4
USW00022521,"HONOLULU INTERNATIONAL AIRPORT, HI US",2024-10-30,6.8,0.3,30,23.9
USW00022521,"HONOLULU INTERNATIONAL AIRPORT, HI US",2024-10-31,6.3,0,30.6,24.4
USW00022521,"HONOLULU INTERNATIONAL AIRPORT, HI US",2024-11-01,5.8,0,30.6,23.9
USW00022521,"HONOLULU INTERNATIONAL AIRPORT, HI US",2024-11-02,4.7,0,30,22.2
USW00022521,"HONOLULU INTERNATIONAL AIRPORT, HI US",2024-11-03,4.9,0,31.1,22.8
USW00022521,"HONOLULU INTERNATIONAL AIRPORT, HI US",2024-11-04,4.6,0,30.6,25
USW00022521,"HONOLULU INTERNATIONAL AIRPORT, HI US",2024-11-05,2.4,7.1,28.3,22.8
USW00022521,"HONOLULU INTERNATIONAL AIRPORT, HI US",2024-11-06,4.7,2,29.4,22.2
USW00022521,"HONOLULU INTERNATIONAL AIRPORT, HI US",2024-11-07,4.9,2,25.6,21.7
USW00022521,"HONOLULU INTERNATIONAL AIRPORT, HI US",2024-11-08,4.5,0.5,26.7,20.6
USW00022521,"HONOLULU INTERNATIONAL AIRPORT, HI US",2024-11-09,5.4,0,29.4,22.8
USW00022521,"HONOLULU INTERNATIONAL AIRPORT, HI US",2024-11-10,5.6,0,29.4,23.3
USW00022521,"HONOLULU INTERNATIONAL AIRPORT, HI US",2024-11-11,5.4,0,30.6,24.4
USW00022521,"HONOLULU INTERNATIONAL AIRPORT, HI US",2024-11-12,6.4,0.3,29.4,23.3
USW00022521,"HONOLULU INTERNATIONAL AIRPORT, HI US",2024-11-13,7.6,0,29.4,23.3
USW00022521,"HONOLULU INTERNATIONAL AIRPORT, HI US",2024-11-14,8.1,0,28.3,23.9
USW00022521,"HONOLULU INTERNATIONAL AIRPORT, HI US",2024-11-15,8.2,0,29.4,24.4
USW00022521,"HONOLULU INTERNATIONAL AIRPORT, HI US",2024-11-16,8.7,0,29.4,24.4
USW00022521,"HONOLULU INTERNATIONAL AIRPORT, HI US",2024-11-17,7.4,0,28.9,23.3
USW00022521,"HONOLULU INTERNATIONAL AIRPORT, HI US",2024-11-18,6.3,0,30,22.8
USW00022521,"HONOLULU INTERNATIONAL AIRPORT, HI US",2024-11-19,5.3,0,29.4,23.3
USW00022521,"HONOLULU INTERNATIONAL AIRPORT, HI US",2024-11-20,5,0,29.4,20.6
USW00022521,"HONOLULU INTERNATIONAL AIRPORT, HI US",2024-11-21,4.1,0,28.9,20
USW00022521,"HONOLULU INTERNATIONAL AIRPORT, HI US",2024-11-22,2.4,0,27.8,18.9
USW00022521,"HONOLULU INTERNATIONAL AIRPORT, HI US",2024-11-23,2.6,0,27.8,18.9
USW00022521,"HONOLULU INTERNATIONAL AIRPORT, HI US",2024-11-24,2.3,0,27.2,18.3
USW00022521,"HONOLULU INTERNATIONAL AIRPORT, HI US",2024-11-25,2.4,0,28.9,21.1
USW00022521,"HONOLULU INTERNATIONAL AIRPORT, HI US",2024-11-26,2.5,0,28.3,20
USW00022521,"HONOLULU INTERNATIONAL AIRPORT, HI US",2024-11-27,3.5,0,29.4,20
USW00022521,"HONOLULU INTERNATIONAL AIRPORT, HI US",2024-11-28,4,0,28.9,22.8
USW00022521,"HONOLULU INTERNATIONAL AIRPORT, HI US",2024-11-29,3.4,0,30,21.1
USW00022521,"HONOLULU INTERNATIONAL AIRPORT, HI US",2024-11-30,2.8,0,29.4,20
USW00022521,"HONOLULU INTERNATIONAL AIRPORT, HI US",2024-12-01,2.4,0,27.2,18.9
USW00022521,"HONOLULU INTERNATIONAL AIRPORT, HI US",2024-12-02,2.2,0,28.3,18.9
USW00022521,"HONOLULU INTERNATIONAL AIRPORT, HI US",2024-12-03,2,0,28.3,20
USW00022521,"HONOLULU INTERNATIONAL AIRPORT, HI US",2024-12-04,2.2,0.3,28.3,22.2
USW00022521,"HONOLULU INTERNATIONAL AIRPORT, HI US",2024-12-05,3.5,0.3,28.9,23.3
USW00022521,"HONOLULU INTERNATIONAL AIRPORT, HI US",2024-12-06,2.4,1.3,27.8,21.1
USW00022521,"HONOLULU INTERNATIONAL AIRPORT, HI US",2024-12-07,2.3,0,28.3,20
USW00022521,"HONOLULU INTERNATIONAL AIRPORT, HI US",2024-12-08,3.1,0,30,21.7
USW00022521,"HONOLULU INTERNATIONAL AIRPORT, HI US",2024-12-09,5.1,0,30,23.3
USW00022521,"HONOLULU INTERNATIONAL AIRPORT, HI US",2024-12-10,7.1,0,29.4,23.9
USW00022521,"HONOLULU INTERNATIONAL AIRPORT, HI US",2024-12-11,8.7,0,29.4,23.9
USW00022521,"HONOLULU INTERNATIONAL AIRPORT, HI US",2024-12-12,7.2,0,30,24.4
USW00022521,"HONOLULU INTERNATIONAL AIRPORT, HI US",2024-12-13,6.5,0,30,24.4
USW00022521,"HONOLULU INTERNATIONAL AIRPORT, HI US",2024-12-14,6,0,29.4,23.3
USW00022521,"HONOLULU INTERNATIONAL AIRPORT, HI US",2024-12-15,4.7,0.3,29.4,22.2
USW00022521,"HONOLULU INTERNATIONAL AIRPORT, HI US",2024-12-16,2.1,0,28.3,20
USW00022521,"HONOLULU INTERNATIONAL AIRPORT, HI US",2024-12-17,1.7,0,27.8,18.9
USW00022521,"HONOLULU INTERNATIONAL AIRPORT, HI US",2024-12-18,2.6,0,28.3,20.6
USW00022521,"HONOLULU INTERNATIONAL AIRPORT, HI US",2024-12-19,2.7,0,28.3,20
USW00022521,"HONOLULU INTERNATIONAL AIRPORT, HI US",2024-12-20,2.5,0,28.3,20.6
USW00022521,"HONOLULU INTERNATIONAL AIRPORT, HI US",2024-12-21,2.2,0,28.3,19.4
USW00022521,"HONOLULU INTERNATIONAL AIRPORT, HI US",2024-12-22,2.6,0,28.3,19.4
USW00022521,"HONOLULU INTERNATIONAL AIRPORT, HI US",2024-12-23,6.5,0,29.4,23.3
USW00022521,"HONOLULU INTERNATIONAL AIRPORT, HI US",2024-12-24,3.3,0,30,21.7
USW00022521,"HONOLULU INTERNATIONAL AIRPORT, HI US",2024-12-25,3,0,30,20.6
USW00022521,"HONOLULU INTERNATIONAL AIRPORT, HI US",2024-12-26,1.9,0,28.9,20
USW00022521,"HONOLULU INTERNATIONAL AIRPORT, HI US",2024-12-27,2.6,0,28.9,20
USW00022521,"HONOLULU INTERNATIONAL AIRPORT, HI US",2024-12-28,3.6,0,29.4,19.4
USW00022521,"HONOLULU INTERNATIONAL AIRPORT, HI US",2024-12-29,4.3,0.3,29.4,21.1
USW00022521,"HONOLULU INTERNATIONAL AIRPORT, HI US",2024-12-30,5.1,0,29.4,20.6
USW00022521,"HONOLULU INTERNATIONAL AIRPORT, HI US",2024-12-31,5.5,0,29.4,22.8
USW00022521,"HONOLULU INTERNATIONAL AIRPORT, HI US",2025-01-01,4.7,0,29.4,21.7
USW00022521,"HONOLULU INTERNATIONAL AIRPORT, HI US",2025-01-02,3.8,0.5,29.4,22.2
USW00022521,"HONOLULU INTERNATIONAL AIRPORT, HI US",2025-01-03,2.2,0,28.9,19.4
USW00022521,"HONOLULU INTERNATIONAL AIRPORT, HI US",2025-01-04,2,0,28.3,18.3
USW00022521,"HONOLULU INTERNATIONAL AIRPORT, HI US",2025-01-05,3,0,28.3,21.1
USW00022521,"HONOLULU INTERNATIONAL AIRPORT, HI US",2025-01-06,3.8,1.5,28.3,20.6
USW00022521,"HONOLULU INTERNATIONAL AIRPORT, HI US",2025-01-07,5.8,2.3,28.3,21.7
USW00022521,"HONOLULU INTERNATIONAL AIRPORT, HI US",2025-01-08,3.3,1,27.2,21.1
USW00022521,"HONOLULU INTERNATIONAL AIRPORT, HI US",2025-01-09,3.1,0,30,20.6
USW00022521,"HONOLULU INTERNATIONAL AIRPORT, HI US",2025-01-10,4.6,1.8,29.4,20.6
USW00022521,"HONOLULU INTERNATIONAL AIRPORT, HI US",2025-01-11,5.9,0,28.9,22.2
USW00022521,"HONOLULU INTERNATIONAL AIRPORT, HI US",2025-01-12,4.2,0.5,28.9,21.1
USW00022521,"HONOLULU INTERNATIONAL AIRPORT, HI US",2025-01-13,4.3,0,29.4,22.2
USW00022521,"HONOLULU INTERNATIONAL AIRPORT, HI US",2025-01-14,3.6,0,30,20.6
USW00022521,"HONOLULU INTERNATIONAL AIRPORT, HI US",2025-01-15,3.4,0,30,21.7
USW00022521,"HONOLULU INTERNATIONAL AIRPORT, HI US",2025-01-16,2.7,0,27.8,18.9
USW00022521,"HONOLULU INTERNATIONAL AIRPORT, HI US",2025-01-17,3,0,27.8,20
USW00022521,"HONOLULU INTERNATIONAL AIRPORT, HI US",2025-01-18,3.8,0,27.8,17.8
USW00022521,"HONOLULU INTERNATIONAL AIRPORT, HI US",2025-01-19,4.2,0,27.8,20.6
USW00022521,"HONOLULU INTERNATIONAL AIRPORT, HI US",2025-01-20,3.3,0,27.8,19.4
USW00022521,"HONOLULU INTERNATIONAL AIRPORT, HI US",2025-01-21,2.5,0,27.2,18.3
USW00022521,"HONOLULU INTERNATIONAL AIRPORT, HI US",2025-01-22,3.4,6.9,25,17.2
USW00022521,"HONOLULU INTERNATIONAL AIRPORT, HI US",2025-01-23,2.6,0,25.6,15
USW00022521,"HONOLULU INTERNATIONAL AIRPORT, HI US",2025-01-24,2.7,0,27.8,15.6
USW00022521,"HONOLULU INTERNATIONAL AIRPORT, HI US",2025-01-25,3.3,0,29.4,18.9
USW00022521,"HONOLULU INTERNATIONAL AIRPORT, HI US",2025-01-26,2.9,23.4,28.3,20.6
USW00022521,"HONOLULU INTERNATIONAL AIRPORT, HI US",2025-01-27,4.4,0,26.7,20
USW00022521,"HONOLULU INTERNATIONAL AIRPORT, HI US",2025-01-28,3.7,0,26.1,18.3
USW00022521,"HONOLULU INTERNATIONAL AIRPORT, HI US",2025-01-29,3.3,0,26.1,18.3
USW00022521,"HONOLULU INTERNATIONAL AIRPORT, HI US",2025-01-30,6.7,90.7,25,21.7
USW00022521,"HONOLULU INTERNATIONAL AIRPORT, HI US",2025-01-31,4.1,3.8,26.7,21.7
USW00022521,"HONOLULU INTERNATIONAL AIRPORT, HI US",2025-02-01,2.4,0,27.8,18.9
USW00022521,"HONOLULU INTERNATIONAL AIRPORT, HI US",2025-02-02,2.9,0,28.3,17.2
USW00022521,"HONOLULU INTERNATIONAL AIRPORT, HI US",2025-02-03,1.8,0,27.8,18.3
USW00022521,"HONOLULU INTERNATIONAL AIRPORT, HI US",2025-02-04,3.6,0,27.8,18.9
USW00022521,"HONOLULU INTERNATIONAL AIRPORT, HI US",2025-02-05,2.9,0,26.7,19.4
USW00022521,"HONOLULU INTERNATIONAL AIRPORT, HI US",2025-02-06,2.6,0.5,26.1,17.8
USW00022521,"HONOLULU INTERNATIONAL AIRPORT, HI US",2025-02-07,3.4,0,28.3,18.3
USW00022521,"HONOLULU INTERNATIONAL AIRPORT, HI US",2025-02-08,2.5,0,27.2,18.3
USW00022521,"HONOLULU INTERNATIONAL AIRPORT, HI US",2025-02-09,3.1,0,28.9,18.9
USW00022521,"HONOLULU INTERNATIONAL AIRPORT, HI US",2025-02-10,2.4,0,27.2,20
USW00022521,"HONOLULU INTERNATIONAL AIRPORT, HI US",2025-02-11,2.4,0,27.8,20.6
USW00022521,"HONOLULU INTERNATIONAL AIRPORT, HI US",2025-02-12,2.6,0,27.2,19.4
USW00022521,"HONOLULU INTERNATIONAL AIRPORT, HI US",2025-02-13,2.5,0,27.2,18.9
USW00022521,"HONOLULU INTERNATIONAL AIRPORT, HI US",2025-02-14,2.7,5.3,26.1,21.1
USW00022521,"HONOLULU INTERNATIONAL AIRPORT, HI US",2025-02-15,2.7,0,30,20
USW00022521,"HONOLULU INTERNATIONAL AIRPORT, HI US",2025-02-16,1.7,0.3,27.2,22.2
USW00022521,"HONOLULU INTERNATIONAL AIRPORT, HI US",2025-02-17,3.3,14.5,27.8,19.4
USW00022521,"HONOLULU INTERNATIONAL AIRPORT, HI US",2025-02-18,2.9,0,28.3,19.4
USW00022521,"HONOLULU INTERNATIONAL AIRPORT, HI US",2025-02-19,3.5,0,28.9,20.6
USW00022521,"HONOLULU INTERNATIONAL AIRPORT, HI US",2025-02-20,3.1,0,28.9,20.6
USW00022521,"HONOLULU INTERNATIONAL AIRPORT, HI US",2025-02-21,2.1,0,27.8,20.6
USW00022521,"HONOLULU INTERNATIONAL AIRPORT, HI US",2025-02-22,2.1,0,28.3,19.4
USW00022521,"HONOLULU INTERNATIONAL AIRPORT, HI US",2025-02-23,4,0,29.4,20
USW00022521,"HONOLULU INTERNATIONAL AIRPORT, HI US",2025-02-24,2.5,0,28.3,21.1
USW00022521,"HONOLULU INTERNATIONAL AIRPORT, HI US",2025-02-25,3.2,0,30,21.1
USW00022521,"HONOLULU INTERNATIONAL AIRPORT, HI US",2025-02-26,3.1,0,27.8,20.6
USW00022521,"HONOLULU INTERNATIONAL AIRPORT, HI US",2025-02-27,2.8,0,28.3,22.2
USW00022521,"HONOLULU INTERNATIONAL AIRPORT, HI US",2025-02-28,3.1,0,28.3,22.8
USW00022521,"HONOLULU INTERNATIONAL AIRPORT, HI US",2025-03-01,2.7,0,28.3,22.8
USW00022521,"HONOLULU INTERNATIONAL AIRPORT, HI US",2025-03-02,3.8,0,30,19.4
USW00022521,"HONOLULU INTERNATIONAL AIRPORT, HI US",2025-03-03,6,0,29.4,23.3
USW00022521,"HONOLULU INTERNATIONAL AIRPORT, HI US",2025-03-04,7.8,0,29.4,23.3
USW00022521,"HONOLULU INTERNATIONAL AIRPORT, HI US",2025-03-05,8,0,30,24.4
USW00022521,"HONOLULU INTERNATIONAL AIRPORT, HI US",2025-03-06,6.8,0.8,30,22.8
USW00022521,"HONOLULU INTERNATIONAL AIRPORT, HI US",2025-03-07,6.3,0,28.9,22.2
USW00022521,"HONOLULU INTERNATIONAL AIRPORT, HI US",2025-03-08,6.5,0,27.8,22.8
USW00022521,"HONOLULU INTERNATIONAL AIRPORT, HI US",2025-03-09,5.4,0,28.9,20.6
USW00022521,"HONOLULU INTERNATIONAL AIRPORT, HI US",2025-03-10,6.2,0,28.3,21.7
USW00022521,"HONOLULU INTERNATIONAL AIRPORT, HI US",2025-03-11,7.3,0,28.3,21.7
USW00022521,"HONOLULU INTERNATIONAL AIRPORT, HI US",2025-03-12,7.9,0,28.9,22.2
USW00022521,"HONOLULU INTERNATIONAL AIRPORT, HI US",2025-03-13,7.3,0,29.4,23.3
USW00022521,"HONOLULU INTERNATIONAL AIRPORT, HI US",2025-03-14,4.2,0,29.4,22.2
USW00022521,"HONOLULU INTERNATIONAL AIRPORT, HI US",2025-03-15,2.6,0.3,27.8,20.6
USW00022521,"HONOLULU INTERNATIONAL AIRPORT, HI US",2025-03-16,3,0,28.9,20.6
USW00022521,"HONOLULU INTERNATIONAL AIRPORT, HI US",2025-03-17,2.1,32.5,28.3,22.8
USW00022521,"HONOLULU INTERNATIONAL AIRPORT, HI US",2025-03-18,2.3,0,27.8,21.1
USW00022521,"HONOLULU INTERNATIONAL AIRPORT, HI US",2025-03-19,5.3,0,28.3,22.8
USW00022521,"HONOLULU INTERNATIONAL AIRPORT, HI US",2025-03-20,6,0,29.4,23.3
USW00022521,"HONOLULU INTERNATIONAL AIRPORT, HI US",2025-03-21,4.3,0,30.6,22.2
USW00022521,"HONOLULU INTERNATIONAL AIRPORT, HI US",2025-03-22,3.6,0,30,22.2
USW00022521,"HONOLULU INTERNATIONAL AIRPORT, HI US",2025-03-23,2.6,0,28.3,20.6
USW00022521,"HONOLULU INTERNATIONAL AIRPORT, HI US",2025-03-24,3,0,28.9,20
USW00022521,"HONOLULU INTERNATIONAL AIRPORT, HI US",2025-03-25,3.3,0,29.4,21.1
USW00022521,"HONOLULU INTERNATIONAL AIRPORT, HI US",2025-03-26,2.3,0,28.3,21.1
USW00022521,"HONOLULU INTERNATIONAL AIRPORT, HI US",2025-03-27,2.9,0,28.9,20.6
USW00022521,"HONOLULU INTERNATIONAL AIRPORT, HI US",2025-03-28,2.4,0,28.9,22.2
USW00022521,"HONOLULU INTERNATIONAL AIRPORT, HI US",2025-03-29,3.1,0,31.1,20
USW00022521,"HONOLULU INTERNATIONAL AIRPORT, HI US",2025-03-30,2.6,0,28.9,21.1
USW00022521,"HONOLULU INTERNATIONAL AIRPORT, HI US",2025-03-31,3.5,0,28.9,21.7
USW00022521,"HONOLULU INTERNATIONAL AIRPORT, HI US",2025-04-01,4.3,0,29.4,23.9
USW00022521,"HONOLULU INTERNATIONAL AIRPORT, HI US",2025-04-02,3,0,28.9,22.8
USW00022521,"HONOLULU INTERNATIONAL AIRPORT, HI US",2025-04-03,2.8,0,28.9,22.2
USW00022521,"HONOLULU INTERNATIONAL AIRPORT, HI US",2025-04-04,3.9,0.3,30,23.9
USW00022521,"HONOLULU INTERNATIONAL AIRPORT, HI US",2025-04-05,6.2,0,31.1,24.4
USW00022521,"HONOLULU INTERNATIONAL AIRPORT, HI US",2025-04-06,7.1,0,30.6,24.4
USW00022521,"HONOLULU INTERNATIONAL AIRPORT, HI US",2025-04-07,6.4,0,30.6,23.3
USW00022521,"HONOLULU INTERNATIONAL AIRPORT, HI US",2025-04-08,4.9,0,30,23.3
USW00022521,"HONOLULU INTERNATIONAL AIRPORT, HI US",2025-04-09,3.4,1.3,28.9,21.7
USW00022521,"HONOLULU INTERNATIONAL AIRPORT, HI US",2025-04-10,5.3,0.8,30,22.2
USW00022521,"HONOLULU INTERNATIONAL AIRPORT, HI US",2025-04-11,6,0.3,29.4,23.3
USW00022521,"HONOLULU INTERNATIONAL AIRPORT, HI US",2025-04-12,5.8,0,30,23.3
USW00022521,"HONOLULU INTERNATIONAL AIRPORT, HI US",2025-04-13,5.9,0,29.4,22.8
USW00022521,"HONOLULU INTERNATIONAL AIRPORT, HI US",2025-04-14,6,0,30.6,23.3
USW00022521,"HONOLULU INTERNATIONAL AIRPORT, HI US",2025-04-15,4.7,0,30,23.3
USW00022521,"HONOLULU INTERNATIONAL AIRPORT, HI US",2025-04-16,2.8,0,28.9,21.7
USW00022521,"HONOLULU INTERNATIONAL AIRPORT, HI US",2025-04-17,2.6,2.8,27.8,22.8
USW00022521,"HONOLULU INTERNATIONAL AIRPORT, HI US",2025-04-18,1.9,7.1,27.8,21.7
USW00022521,"HONOLULU INTERNATIONAL AIRPORT, HI US",2025-04-19,4.8,0.8,30,22.2
USW00022521,"HONOLULU INTERNATIONAL AIRPORT, HI US",2025-04-20,5.7,0,30.6,23.3
USW00022521,"HONOLULU INTERNATIONAL AIRPORT, HI US",2025-04-21,5.1,0,31.1,22.8
USW00022521,"HONOLULU INTERNATIONAL AIRPORT, HI US",2025-04-24,3.4,0,29.4,23.9
USW00022521,"HONOLULU INTERNATIONAL AIRPORT, HI US",2025-04-25,2.2,0,29.4,22.8
USW00022521,"HONOLULU INTERNATIONAL AIRPORT, HI US",2025-04-26,3,0,29.4,21.7
USW00022521,"HONOLULU INTERNATIONAL AIRPORT, HI US",2025-04-27,2.3,0,28.9,23.3
USW00022521,"HONOLULU INTERNATIONAL AIRPORT, HI US",2025-04-28,2.7,6.6,29.4,21.7
USW00022521,"HONOLULU INTERNATIONAL AIRPORT, HI US",2025-04-29,1.7,0.8,29.4,21.7
USW00022521,"HONOLULU INTERNATIONAL AIRPORT, HI US",2025-04-30,3.8,0,31.7,21.7
USW00022521,"HONOLULU INTERNATIONAL AIRPORT, HI US",2025-05-01,6.4,0,31.1,23.9
USW00022521,"HONOLULU INTERNATIONAL AIRPORT, HI US",2025-05-02,5.9,0,31.1,23.9
USW00022521,"HONOLULU INTERNATIONAL AIRPORT, HI US",2025-05-03,5.2,0.3,31.1,23.3
USW00022521,"HONOLULU INTERNATIONAL AIRPORT, HI US",2025-05-04,5.4,0,30.6,23.9
USW00022521,"HONOLULU INTERNATIONAL AIRPORT, HI US",2025-05-05,5.5,0.3,31.1,23.3
USW00022521,"HONOLULU INTERNATIONAL AIRPORT, HI US",2025-05-06,6.4,0,30.6,22.8
USW00022521,"HONOLULU INTERNATIONAL AIRPORT, HI US",2025-05-07,5.9,0,30,23.9
USW00022521,"HONOLULU INTERNATIONAL AIRPORT, HI US",2025-05-08,5.2,0,30.6,23.3
USW00022521,"HONOLULU INTERNATIONAL AIRPORT, HI US",2025-05-09,6.8,0,30.6,23.9
USW00022521,"HONOLULU INTERNATIONAL AIRPORT, HI US",2025-05-10,6.8,0,30.6,23.3
USW00022521,"HONOLULU INTERNATIONAL AIRPORT, HI US",2025-05-11,7.2,0,30.6,23.9
USW00022521,"HONOLULU INTERNATIONAL AIRPORT, HI US",2025-05-12,6.2,0,30.6,23.3
USW00022521,"HONOLULU INTERNATIONAL AIRPORT, HI US",2025-05-13,6.4,0,30.6,23.9
USW00022521,"HONOLULU INTERNATIONAL AIRPORT, HI US",2025-05-14,5.6,0.8,30.6,23.3
USW00022521,"HONOLULU INTERNATIONAL AIRPORT, HI US",2025-05-15,5.5,0,31.1,23.9
USW00022521,"HONOLULU INTERNATIONAL AIRPORT, HI US",2025-05-16,4.6,6.4,30,23.3
USW00022521,"HONOLULU INTERNATIONAL AIRPORT, HI US",2025-05-17,4.1,0,30.6,22.8
USW00022521,"HONOLULU INTERNATIONAL AIRPORT, HI US",2025-05-18,5,0,30.6,23.9
USW00022521,"HONOLULU INTERNATIONAL AIRPORT, HI US",2025-05-19,5,1,31.1,22.8
USW00022521,"HONOLULU INTERNATIONAL AIRPORT, HI US",2025-05-20,5,6.1,28.9,21.7
USW00022521,"HONOLULU INTERNATIONAL AIRPORT, HI US",2025-05-21,5.3,0,30,23.3
USW00022521,"HONOLULU INTERNATIONAL AIRPORT, HI US",2025-05-22,6.1,0,30,22.8
USW00022521,"HONOLULU INTERNATIONAL AIRPORT, HI US",2025-05-23,5.6,0,30,23.3
USW00022521,"HONOLULU INTERNATIONAL AIRPORT, HI US",2025-05-24,4.6,0,30,22.8
USW00022521,"HONOLULU INTERNATIONAL AIRPORT, HI US",2025-05-25,5.7,0,30,22.8
USW00022521,"HONOLULU INTERNATIONAL AIRPORT, HI US",2025-05-26,5,0,30.6,22.8
USW00022521,"HONOLULU INTERNATIONAL AIRPORT, HI US",2025-05-27,4.8,0,30.6,21.7
USW00022521,"HONOLULU INTERNATIONAL AIRPORT, HI US",2025-05-28,3.5,0,30,21.1
USW00022521,"HONOLULU INTERNATIONAL AIRPORT, HI US",2025-05-29,4.5,0,31.1,21.1
USW00022521,"HONOLULU INTERNATIONAL AIRPORT, HI US",2025-05-30,5.1,0,31.1,22.2
USW00022521,"HONOLULU INTERNATIONAL AIRPORT, HI US",2025-05-31,4.8,0,30.6,23.3
USW00022521,"HONOLULU INTERNATIONAL AIRPORT, HI US",2025-06-01,2.6,0,28.3,23.9
USW00022521,"HONOLULU INTERNATIONAL AIRPORT, HI US",2025-06-02,4.1,0.3,30,23.3
USW00022521,"HONOLULU INTERNATIONAL AIRPORT, HI US",2025-06-03,7.1,0,30.6,24.4
USW00022521,"HONOLULU INTERNATIONAL AIRPORT, HI US",2025-06-04,6.5,0,30.6,23.9
USW00022521,"HONOLULU INTERNATIONAL AIRPORT, HI US",2025-06-05,6,0.5,29.4,22.8
USW00022521,"HONOLULU INTERNATIONAL AIRPORT, HI US",2025-06-06,4.9,0,30.6,23.9
USW00022521,"HONOLULU INTERNATIONAL AIRPORT, HI US",2025-06-07,4.8,0,31.1,23.3
USW00022521,"HONOLULU INTERNATIONAL AIRPORT, HI US",2025-06-08,4.5,0.3,31.1,22.8
USW00022521,"HONOLULU INTERNATIONAL AIRPORT, HI US",2025-06-09,4.3,0.3,30,23.3
USW00022521,"HONOLULU INTERNATIONAL AIRPORT, HI US",2025-06-10,5.7,0,31.1,24.4
USW00022521,"HONOLULU INTERNATIONAL AIRPORT, HI US",2025-06-11,5.4,0,30.6,24.4
USW00022521,"HONOLULU INTERNATIONAL AIRPORT, HI US",2025-06-12,5.1,0,30.6,23.3
USW00022521,"HONOLULU INTERNATIONAL AIRPORT, HI US",2025-06-13,5.3,0,30.6,23.9
USW00022521,"HONOLULU INTERNATIONAL AIRPORT, HI US",2025-06-14,5.6,0,30,23.9
USW00022521,"HONOLULU INTERNATIONAL AIRPORT, HI US",2025-06-15,7.2,0,30.6,24.4
USW00022521,"HONOLULU INTERNATIONAL AIRPORT, HI US",2025-06-16,6.4,0,30.6,23.3
USW00022521,"HONOLULU INTERNATIONAL AIRPORT, HI US",2025-06-17,6.7,0,30.6,23.9
USW00022521,"HONOLULU INTERNATIONAL AIRPORT, HI US",2025-06-18,6.4,0,30,24.4
USW00022521,"HONOLULU INTERNATIONAL AIRPORT, HI US",2025-06-19,5.1,0,30,23.9
USW00022521,"HONOLULU INTERNATIONAL AIRPORT, HI US",2025-06-20,4.2,0,31.1,22.8
USW00022521,"HONOLULU INTERNATIONAL AIRPORT, HI US",2025-06-21,5.9,0,30.6,23.9
USW00022521,"HONOLULU INTERNATIONAL AIRPORT, HI US",2025-06-22,7.1,0,31.7,25.6
USW00022521,"HONOLULU INTERNATIONAL AIRPORT, HI US",2025-06-23,6.6,0,30.6,23.9
USW00022521,"HONOLULU INTERNATIONAL AIRPORT, HI US",2025-06-24,5.6,0,30.6,24.4
USW00022521,"HONOLULU INTERNATIONAL AIRPORT, HI US",2025-06-25,5.6,0.5,30.6,23.3
USW00022521,"HONOLULU INTERNATIONAL AIRPORT, HI US",2025-06-26,6.4,0,31.1,23.9
USW00022521,"HONOLULU INTERNATIONAL AIRPORT, HI US",2025-06-27,6,0,30.6,24.4
USW00022521,"HONOLULU INTERNATIONAL AIRPORT, HI US",2025-06-28,5.9,0,31.1,24.4
USW00022521,"HONOLULU INTERNATIONAL AIRPORT, HI US",2025-06-29,5.1,0,31.1,24.4
USW00022521,"HONOLULU INTERNATIONAL AIRPORT, HI US",2025-06-30,4.1,0,30,23.9
USW00022521,"HONOLULU INTERNATIONAL AIRPORT, HI US",2025-07-01,5.4,0,31.1,23.3
USW00022521,"HONOLULU INTERNATIONAL AIRPORT, HI US",2025-07-02,5.5,0.3,30.6,22.2
USW00022521,"HONOLULU INTERNATIONAL AIRPORT, HI US",2025-07-03,6.8,0,31.1,24.4
USW00022521,"HONOLULU INTERNATIONAL AIRPORT, HI US",2025-07-04,6.5,0,30,23.3
USW00022521,"HONOLULU INTERNATIONAL AIRPORT, HI US",2025-07-05,6.2,0,31.1,24.4
USW00022521,"HONOLULU INTERNATIONAL AIRPORT, HI US",2025-07-06,7.3,0,31.1,23.9
USW00022521,"HONOLULU INTERNATIONAL AIRPORT, HI US",2025-07-07,7.7,0,30.6,24.4
USW00022521,"HONOLULU INTERNATIONAL AIRPORT, HI US",2025-07-08,8.4,0,30.6,24.4
USW00022521,"HONOLULU INTERNATIONAL AIRPORT, HI US",2025-07-09,6.4,0,31.1,23.9
USW00022521,"HONOLULU INTERNATIONAL AIRPORT, HI US",2025-07-10,5.7,0.3,31.1,22.8
USW00022521,"HONOLULU INTERNATIONAL AIRPORT, HI US",2025-07-11,5.5,0,30.6,22.8
USW00022521,"HONOLULU INTERNATIONAL AIRPORT, HI US",2025-07-12,4.2,0.3,31.7,23.3
USW00022521,"HONOLULU INTERNATIONAL AIRPORT, HI US",2025-07-13,5.8,0,31.7,24.4
USW00022521,"HONOLULU INTERNATIONAL AIRPORT, HI US",2025-07-14,4.9,0,31.1,25
USW00022521,"HONOLULU INTERNATIONAL AIRPORT, HI US",2025-07-15,5.7,0,31.7,23.9
USW00022521,"HONOLULU INTERNATIONAL AIRPORT, HI US",2025-07-16,5.5,0,31.1,25
USW00022521,"HONOLULU INTERNATIONAL AIRPORT, HI US",2025-07-17,5.2,0,31.1,24.4
USW00022521,"HONOLULU INTERNATIONAL AIRPORT, HI US",2025-07-18,5.3,1.3,31.7,23.9
USW00022521,"HONOLULU INTERNATIONAL AIRPORT, HI US",2025-07-19,4.8,0,31.7,23.9
USW00022521,"HONOLULU INTERNATIONAL AIRPORT, HI US",2025-07-20,5,0,31.7,24.4
USW00022521,"HONOLULU INTERNATIONAL AIRPORT, HI US",2025-07-21,6.2,0,32.2,25.6
USW00022521,"HONOLULU INTERNATIONAL AIRPORT, HI US",2025-07-22,4.6,0,31.1,24.4
USW00022521,"HONOLULU INTERNATIONAL AIRPORT, HI US",2025-07-23,5.4,0,31.7,24.4
USW00022521,"HONOLULU INTERNATIONAL AIRPORT, HI US",2025-07-24,5.7,0,31.7,24.4
USW00022521,"HONOLULU INTERNATIONAL AIRPORT, HI US",2025-07-25,4.9,0,30.6,24.4
USW00022521,"HONOLULU INTERNATIONAL AIRPORT, HI US",2025-07-26,4.3,0,31.1,23.3
USW00022521,"HONOLULU INTERNATIONAL AIRPORT, HI US",2025-07-27,3.2,0,31.1,22.8
USW00022521,"HONOLULU INTERNATIONAL AIRPORT, HI US",2025-07-28,3.5,0,31.7,23.9
USW00022521,"HONOLULU INTERNATIONAL AIRPORT, HI US",2025-07-29,5.5,0,31.7,25
USW00022521,"HONOLULU INTERNATIONAL AIRPORT, HI US",2025-07-30,6.5,0,31.7,25.6
USW00022521,"HONOLULU INTERNATIONAL AIRPORT, HI US",2025-07-31,7.6,0,31.1,25.6
USW00022521,"HONOLULU INTERNATIONAL AIRPORT, HI US",2025-08-01,7.5,0,31.1,25.6
USW00022521,"HONOLULU INTERNATIONAL AIRPORT, HI US",2025-08-02,6,0,32.2,25.6
USW00022521,"HONOLULU INTERNATIONAL AIRPORT, HI US",2025-08-03,8.1,0,31.1,25
USW00022521,"HONOLULU INTERNATIONAL AIRPORT, HI US",2025-08-04,6.3,0,32.2,25.6
USW00022521,"HONOLULU INTERNATIONAL AIRPORT, HI US",2025-08-05,4.9,0,31.7,23.9
USW00022521,"HONOLULU INTERNATIONAL AIRPORT, HI US",2025-08-06,3.4,0,31.1,23.3
USW00022521,"HONOLULU INTERNATIONAL AIRPORT, HI US",2025-08-07,5.3,0,32.8,24.4
USW00022521,"HONOLULU INTERNATIONAL AIRPORT, HI US",2025-08-08,6.9,0,31.7,25.6
USW00022521,"HONOLULU INTERNATIONAL AIRPORT, HI US",2025-08-09,5,0,31.7,25
USW00022521,"HONOLULU INTERNATIONAL AIRPORT, HI US",2025-08-10,3.3,0,31.1,23.9
USW00022521,"HONOLULU INTERNATIONAL AIRPORT, HI US",2025-08-11,3.4,0,33.3,23.3
USW00022521,"HONOLULU INTERNATIONAL AIRPORT, HI US",2025-08-12,4.5,0,31.7,24.4
USW00022521,"HONOLULU INTERNATIONAL AIRPORT, HI US",2025-08-13,4.3,0,31.1,25
USW00022521,"HONOLULU INTERNATIONAL AIRPORT, HI US",2025-08-14,3.3,0,32.2,23.3
USW00022521,"HONOLULU INTERNATIONAL AIRPORT, HI US",2025-08-15,4.9,0,31.7,24.4
USW00022521,"HONOLULU INTERNATIONAL AIRPORT, HI US",2025-08-16,6.1,0,31.7,25.6
USW00022521,"HONOLULU INTERNATIONAL AIRPORT, HI US",2025-08-17,6.7,0,32.2,25.6
USW00022521,"HONOLULU INTERNATIONAL AIRPORT, HI US",2025-08-18,5.5,0,32.2,25.6
USW00022521,"HONOLULU INTERNATIONAL AIRPORT, HI US",2025-08-19,6.2,0,32.2,25.6
USW00022521,"HONOLULU INTERNATIONAL AIRPORT, HI US",2025-08-20,6.1,0,31.1,25.6
USW00022521,"HONOLULU INTERNATIONAL AIRPORT, HI US",2025-08-21,6.7,0,32.2,25.6
USW00022521,"HONOLULU INTERNATIONAL AIRPORT, HI US",2025-08-22,6.7,0,32.2,25.6
USW00022521,"HONOLULU INTERNATIONAL AIRPORT, HI US",2025-08-23,5.5,0,32.2,25
USW00022521,"HONOLULU INTERNATIONAL AIRPORT, HI US",2025-08-24,5.8,0,31.7,25
USW00022521,"HONOLULU INTERNATIONAL AIRPORT, HI US",2025-08-25,5.1,0,31.7,23.9
USW00022521,"HONOLULU INTERNATIONAL AIRPORT, HI US",2025-08-26,5.9,0,31.7,25
USW00022521,"HONOLULU INTERNATIONAL AIRPORT, HI US",2025-08-27,5.8,0,31.7,25.6
USW00022521,"HONOLULU INTERNATIONAL AIRPORT, HI US",2025-08-28,5.4,0,32.2,25
USW00022521,"HONOLULU INTERNATIONAL AIRPORT, HI US",2025-08-29,5.1,0,32.2,23.9
USW00022521,"HONOLULU INTERNATIONAL AIRPORT, HI US",2025-08-30,2.9,0,30.6,23.3
USW00022521,"HONOLULU INTERNATIONAL AIRPORT, HI US",2025-08-31,3.1,0,30,23.9
USW00022521,"HONOLULU INTERNATIONAL AIRPORT, HI US",2025-09-01,3.9,0,31.7,25
USW00022521,"HONOLULU INTERNATIONAL AIRPORT, HI US",2025-09-02,4.2,0,31.7,23.3
USW00022521,"HONOLULU INTERNATIONAL AIRPORT, HI US",2025-09-03,4.9,0,32.2,24.4
USW00022521,"HONOLULU INTERNATIONAL AIRPORT, HI US",2025-09-04,4.9,0,32.2,24.4
USW00022521,"HONOLULU INTERNATIONAL AIRPORT, HI US",2025-09-05,4.8,0,32.2,22.2
USW00022521,"HONOLULU INTERNATIONAL AIRPORT, HI US",2025-09-06,3.7,0,32.2,24.4
USW00022521,"HONOLULU INTERNATIONAL AIRPORT, HI US",2025-09-07,2.6,0,30,22.8
USW00022521,"HONOLULU INTERNATIONAL AIRPORT, HI US",2025-09-08,3.3,12.7,31.7,23.3
USW00022521,"HONOLULU INTERNATIONAL AIRPORT, HI US",2025-09-09,3.9,0.3,31.7,25
USW00022521,"HONOLULU INTERNATIONAL AIRPORT, HI US",2025-09-10,3.5,0,31.1,24.4
USW00022521,"HONOLULU INTERNATIONAL AIRPORT, HI US",2025-09-11,5,1.5,32.8,25
USW00022521,"HONOLULU INTERNATIONAL AIRPORT, HI US",2025-09-12,5.4,0.3,31.7,25
USW00022521,"HONOLULU INTERNATIONAL AIRPORT, HI US",2025-09-13,6.7,0,32.2,25.6
USW00022521,"HONOLULU INTERNATIONAL AIRPORT, HI US",2025-09-14,5.6,0,31.7,25.6
USW00022521,"HONOLULU INTERNATIONAL AIRPORT, HI US",2025-09-15,5.1,0,31.7,24.4
USW00022521,"HONOLULU INTERNATIONAL AIRPORT, HI US",2025-09-16,6.5,0,31.1,25
USW00022521,"HONOLULU INTERNATIONAL AIRPORT, HI US",2025-09-17,6.7,0,31.1,25.6
USW00022521,"HONOLULU INTERNATIONAL AIRPORT, HI US",2025-09-18,6.7,0,31.7,25.6
USW00022521,"HONOLULU INTERNATIONAL AIRPORT, HI US",2025-09-19,5.6,0,32.2,25.6
USW00022521,"HONOLULU INTERNATIONAL AIRPORT, HI US",2025-09-20,5.5,0.3,31.7,25
USW00022521,"HONOLULU INTERNATIONAL AIRPORT, HI US",2025-09-21,5.5,0,31.7,25.6
USW00022521,"HONOLULU INTERNATIONAL AIRPORT, HI US",2025-09-22,5.7,0,32.2,25.6
USW00022521,"HONOLULU INTERNATIONAL AIRPORT, HI US",2025-09-23,4.2,0,31.1,23.9
USW00022521,"HONOLULU INTERNATIONAL AIRPORT, HI US",2025-09-24,3.1,0.3,32.2,23.3
USW00022521,"HONOLULU INTERNATIONAL AIRPORT, HI US",2025-09-25,2.7,2.8,29.4,22.2
USW00022521,"HONOLULU INTERNATIONAL AIRPORT, HI US",2025-09-26,3.4,0,30,25
USW00022521,"HONOLULU INTERNATIONAL AIRPORT, HI US",2025-09-27,3.7,0,32.2,23.9
USW00022521,"HONOLULU INTERNATIONAL AIRPORT, HI US",2025-09-28,5.7,0,31.7,25.6
USW00022521,"HONOLULU INTERNATIONAL AIRPORT, HI US",2025-09-29,5.3,0,31.7,25.6
USW00022521,"HONOLULU INTERNATIONAL AIRPORT, HI US",2025-09-30,5,0,31.7,24.4
USW00022521,"HONOLULU INTERNATIONAL AIRPORT, HI US",2025-10-01,4.1,0.3,31.7,23.9
USW00022521,"HONOLULU INTERNATIONAL AIRPORT, HI US",2025-10-02,3.4,0,30.6,23.9
USW00022521,"HONOLULU INTERNATIONAL AIRPORT, HI US",2025-10-03,3.8,0,32.2,23.9
USW00022521,"HONOLULU INTERNATIONAL AIRPORT, HI US",2025-10-04,5.3,0,31.7,25
USW00022521,"HONOLULU INTERNATIONAL AIRPORT, HI US",2025-10-05,4.3,0,31.1,24.4
USW00022521,"HONOLULU INTERNATIONAL AIRPORT, HI US",2025-10-06,2.3,2.5,28.9,22.8
USW00022521,"HONOLULU INTERNATIONAL AIRPORT, HI US",2025-10-07,2.6,0,29.4,21.7
USW00022521,"HONOLULU INTERNATIONAL AIRPORT, HI US",2025-10-08,2.3,0,29.4,23.3
USW00022521,"HONOLULU INTERNATIONAL AIRPORT, HI US",2025-10-09,2.1,0,29.4,24.4
USW00022521,"HONOLULU INTERNATIONAL AIRPORT, HI US",2025-10-10,3,0,30,23.3
USW00022521,"HONOLULU INTERNATIONAL AIRPORT, HI US",2025-10-11,3.5,0,32.2,22.8
USW00022521,"HONOLULU INTERNATIONAL AIRPORT, HI US",2025-10-12,3.3,0,31.7,23.3
USW00022521,"HONOLULU INTERNATIONAL AIRPORT, HI US",2025-10-13,2.8,0,30.6,21.7
USW00022521,"HONOLULU INTERNATIONAL AIRPORT, HI US",2025-10-14,4.7,0,32.2,22.8
USW00022521,"HONOLULU INTERNATIONAL AIRPORT, HI US",2025-10-15,5.6,0,31.7,24.4
USW00022521,"HONOLULU INTERNATIONAL AIRPORT, HI US",2025-10-16,4.6,0.3,31.7,23.9
USW00022521,"HONOLULU INTERNATIONAL AIRPORT, HI US",2025-10-17,5.3,0,31.1,23.9
USW00022521,"HONOLULU INTERNATIONAL AIRPORT, HI US",2025-10-18,6.8,0,31.7,25
USW00022521,"HONOLULU INTERNATIONAL AIRPORT, HI US",2025-10-19,5.8,0.3,31.7,24.4
USW00022521,"HONOLULU INTERNATIONAL AIRPORT, HI US",2025-10-20,5.1,0.3,31.7,24.4
USW00022521,"HONOLULU INTERNATIONAL AIRPORT, HI US",2025-10-21,4.6,0.3,30.6,22.8
USW00022521,"HONOLULU INTERNATIONAL AIRPORT, HI US",2025-10-22,5.7,0,30.6,23.9
USW00022521,"HONOLULU INTERNATIONAL AIRPORT, HI US",2025-10-23,6.5,0,31.1,24.4
USW00022521,"HONOLULU INTERNATIONAL AIRPORT, HI US",2025-10-24,6.9,0,31.1,23.3
USW00022521,"HONOLULU INTERNATIONAL AIRPORT, HI US",2025-10-25,7.6,0,30.6,25
USW00022521,"HONOLULU INTERNATIONAL AIRPORT, HI US",2025-10-26,4.9,0,30,25
USW00022521,"HONOLULU INTERNATIONAL AIRPORT, HI US",2025-10-27,5,0,30.6,25
USW00022521,"HONOLULU INTERNATIONAL AIRPORT, HI US",2025-10-28,4.2,0,31.1,23.3
USW00022521,"HONOLULU INTERNATIONAL AIRPORT, HI US",2025-10-29,4.5,0,31.1,22.8
USW00022521,"HONOLULU INTERNATIONAL AIRPORT, HI US",2025-10-30,4.9,1,31.1,24.4
USW00022521,"HONOLULU INTERNATIONAL AIRPORT, HI US",2025-10-31,4.9,0,30.6,24.4
USW00022521,"HONOLULU INTERNATIONAL AIRPORT, HI US",2025-11-01,4,0,30.6,23.3
USW00022521,"HONOLULU INTERNATIONAL AIRPORT, HI US",2025-11-02,2.9,5.3,27.2,22.2
USW00022521,"HONOLULU INTERNATIONAL AIRPORT, HI US",2025-11-03,3.5,0,30.6,22.2
USW00022521,"HONOLULU INTERNATIONAL AIRPORT, HI US",2025-11-04,4.1,0,29.4,24.4
USW00022521,"HONOLULU INTERNATIONAL AIRPORT, HI US",2025-11-05,5.2,0,30,24.4
USW00022521,"HONOLULU INTERNATIONAL AIRPORT, HI US",2025-11-06,3,0,31.1,22.8
USW00022521,"HONOLULU INTERNATIONAL AIRPORT, HI US",2025-11-07,2.3,0,28.9,22.2
USW00022521,"HONOLULU INTERNATIONAL AIRPORT, HI US",2025-11-08,2.1,3,28.9,21.1
USW00022521,"HONOLULU INTERNATIONAL AIRPORT, HI US",2025-11-09,4.3,0,27.8,22.2
USW00022521,"HONOLULU INTERNATIONAL AIRPORT, HI US",2025-11-10,5.8,0,28.9,23.3
USW00022521,"HONOLULU INTERNATIONAL AIRPORT, HI US",2025-11-11,6.8,0,29.4,22.8
USW00022521,"HONOLULU INTERNATIONAL AIRPORT, HI US",2025-11-12,6.6,0.8,27.8,22.2
USW00022521,"HONOLULU INTERNATIONAL AIRPORT, HI US",2025-11-13,7.1,0,28.9,23.9
USW00022521,"HONOLULU INTERNATIONAL AIRPORT, HI US",2025-11-14,6.6,0,30,24.4
USW00022521,"HONOLULU INTERNATIONAL AIRPORT, HI US",2025-11-15,4.2,0,30.6,20
USW00022521,"HONOLULU INTERNATIONAL AIRPORT, HI US",2025-11-16,4.4,0,29.4,21.7
USW00022521,"HONOLULU INTERNATIONAL AIRPORT, HI US",2025-11-17,3.8,0,30,22.8
USW00022521,"HONOLULU INTERNATIONAL AIRPORT, HI US",2025-11-18,3.8,0,29.4,21.7
USW00022521,"HONOLULU INTERNATIONAL AIRPORT, HI US",2025-11-19,6.1,0,28.9,23.9
USW00022521,"HONOLULU INTERNATIONAL AIRPORT, HI US",2025-11-20,6.2,0,29.4,24.4
USW00022521,"HONOLULU INTERNATIONAL AIRPORT, HI US",2025-11-21,4.6,0,30,23.9
USW00022521,"HONOLULU INTERNATIONAL AIRPORT, HI US",2025-11-22,4.1,0,30,23.9
USW00022521,"HONOLULU INTERNATIONAL AIRPORT, HI US",2025-11-23,4,0,30,22.2
USW00022521,"HONOLULU INTERNATIONAL AIRPORT, HI US",2025-11-24,4.2,0,30,21.1
USW00022521,"HONOLULU INTERNATIONAL AIRPORT, HI US",2025-11-25,3.6,0,29.4,21.1
USW00022521,"HONOLULU INTERNATIONAL AIRPORT, HI US",2025-11-26,2.7,0,28.3,21.1
USW00022521,"HONOLULU INTERNATIONAL AIRPORT, HI US",2025-11-27,2.6,0,29.4,20
USW00022521,"HONOLULU INTERNATIONAL AIRPORT, HI US",2025-11-28,2.4,0,28.9,20.6
USW00022521,"HONOLULU INTERNATIONAL AIRPORT, HI US",2025-11-29,2.2,0,28.3,20.6
USW00022521,"HONOLULU INTERNATIONAL AIRPORT, HI US",2025-11-30,2.8,0,28.3,20.6
USW00022521,"HONOLULU INTERNATIONAL AIRPORT, HI US",2025-12-01,2.3,0,28.3,18.3
USW00022521,"HONOLULU INTERNATIONAL AIRPORT, HI US",2025-12-02,2.1,0,27.8,20
USW00022521,"HONOLULU INTERNATIONAL AIRPORT, HI US",2025-12-03,2.9,0,27.8,18.9
USW00022521,"HONOLULU INTERNATIONAL AIRPORT, HI US",2025-12-04,2.8,0,28.3,21.1
USW00022521,"HONOLULU INTERNATIONAL AIRPORT, HI US",2025-12-05,4.3,0,29.4,22.8
USW00022521,"HONOLULU INTERNATIONAL AIRPORT, HI US",2025-12-06,4,0,29.4,21.7
USW00022521,"HONOLULU INTERNATIONAL AIRPORT, HI US",2025-12-07,3.9,0,28.3,21.1
USW00022521,"HONOLULU INTERNATIONAL AIRPORT, HI US",2025-12-08,4.2,0,30,20.6
USW00022521,"HONOLULU INTERNATIONAL AIRPORT, HI US",2025-12-09,2.6,0,27.8,21.7
USW00022521,"HONOLULU INTERNATIONAL AIRPORT, HI US",2025-12-10,3.1,0,27.8,20
USW00022521,"HONOLULU INTERNATIONAL AIRPORT, HI US",2025-12-11,2.4,1.5,26.7,21.7
USW00022521,"HONOLULU INTERNATIONAL AIRPORT, HI US",2025-12-12,2.3,0,27.2,20
USW00022521,"HONOLULU INTERNATIONAL AIRPORT, HI US",2025-12-13,5.1,2.8,28.3,22.2
USW00022521,"HONOLULU INTERNATIONAL AIRPORT, HI US",2025-12-14,2.9,65.3,25.6,22.8
USW00022521,"HONOLULU INTERNATIONAL AIRPORT, HI US",2025-12-15,4.6,0.8,27.2,22.8
USW00022521,"HONOLULU INTERNATIONAL AIRPORT, HI US",2025-12-16,3.7,2,27.2,22.8
USW00022521,"HONOLULU INTERNATIONAL AIRPORT, HI US",2025-12-17,5.8,0,28.3,23.9
USW00022521,"HONOLULU INTERNATIONAL AIRPORT, HI US",2025-12-18,2.4,16.3,25.6,22.2
USW00022521,"HONOLULU INTERNATIONAL AIRPORT, HI US",2025-12-19,1.9,27.4,25.6,22.2
USW00022521,"HONOLULU INTERNATIONAL AIRPORT, HI US",2025-12-20,1.7,5.1,27.2,22.8
USW00022521,"HONOLULU INTERNATIONAL AIRPORT, HI US",2025-12-21,3.7,0,28.9,22.2
USW00022521,"HONOLULU INTERNATIONAL AIRPORT, HI US",2025-12-22,5.2,0,28.9,23.9
USW00022521,"HONOLULU INTERNATIONAL AIRPORT, HI US",2025-12-23,6.5,0.3,27.8,22.8
USW00022521,"HONOLULU INTERNATIONAL AIRPORT, HI US",2025-12-24,5.6,0,27.8,22.2
USW00022521,"HONOLULU INTERNATIONAL AIRPORT, HI US",2025-12-25,4.9,0,27.2,21.7
USW00022521,"HONOLULU INTERNATIONAL AIRPORT, HI US",2025-12-26,2.7,0.5,27.8,19.4
USW00022521,"HONOLULU INTERNATIONAL AIRPORT, HI US",2025-12-27,1.5,1.8,26.1,20
USW00022521,"HONOLULU INTERNATIONAL AIRPORT, HI US",2025-12-28,1.7,0,27.2,19.4
USW00022521,"HONOLULU INTERNATIONAL AIRPORT, HI US",2025-12-29,3.8,0,27.2,21.1
USW00022521,"HONOLULU INTERNATIONAL AIRPORT, HI US",2025-12-30,3.8,0,27.2,21.1
USW00022521,"HONOLULU INTERNATIONAL AIRPORT, HI US",2025-12-31,4.6,0,27.2,21.7